{"stats":{"minecraft:used":{"minecraft:oak_log":357,"create:clipboard":2,"minecraft:glass":17,"create:track":27,"create:display_link":10,"minecraft:music_disc_otherside":1,"minecraft:command_block":1,"create:wrench":9,"minecraft:grass_block":9,"minecraft:redstone":23,"create:train_door":8,"minecraft:oak_planks":271,"minecraft:stone_button":8,"minecraft:oak_sign":8,"minecraft:chest":1,"create:contraption_controls":2,"minecraft:redstone_block":3,"minecraft:music_disc_blocks":2,"create:creative_motor":10,"create:elevator_contact":5,"create:railway_casing":80,"create:blue_seat":2,"minecraft:glowstone":22,"minecraft:repeater":8,"minecraft:redstone_lamp":1,"minecraft:target":1,"minecraft:comparator":2,"create:track_station":8,"create:shaft":5,"create:cogwheel":7,"create:redstone_contact":5,"create:fluid_pipe":17,"create:display_board":23,"minecraft:note_block":8,"create:elevator_pulley":6,"create:redstone_link":8,"minecraft:jukebox":1,"create:belt_connector":2},"minecraft:picked_up":{"minecraft:music_disc_5":1,"minecraft:music_disc_strad":1,"minecraft:music_disc_blocks":3,"create:railway_casing":1,"minecraft:music_disc_relic":1,"minecraft:music_disc_mellohi":1,"minecraft:music_disc_stal":1,"minecraft:stone_button":1,"minecraft:music_disc_pigstep":1,"minecraft:redstone":2,"minecraft:music_disc_cat":1,"minecraft:music_disc_mall":1,"minecraft:music_disc_ward":1,"minecraft:music_disc_otherside":2,"minecraft:music_disc_far":1,"minecraft:music_disc_chirp":1},"minecraft:custom":{"minecraft:time_since_rest":96517,"minecraft:sprint_one_cm":2072,"minecraft:walk_one_cm":225284,"minecraft:drop":1,"minecraft:play_record":3,"minecraft:tune_noteblock":48,"minecraft:fly_one_cm":69401,"minecraft:open_chest":4,"minecraft:crouch_one_cm":771,"minecraft:play_time":96517,"minecraft:sneak_time":498,"minecraft:jump":316,"minecraft:leave_game":1,"minecraft:time_since_death":96517,"minecraft:total_world_time":111829},"minecraft:dropped":{"create:railway_casing":1}},"DataVersion":3465}